{"stats":{"minecraft:custom":{"minecraft:jump":32,"minecraft:leave_game":1,"minecraft:crouch_one_cm":193,"minecraft:time_since_death":14597,"minecraft:play_time":14597,"minecraft:sprint_one_cm":3457,"minecraft:walk_on_water_one_cm":755,"minecraft:walk_one_cm":2035,"minecraft:sneak_time":1035,"minecraft:total_world_time":14597,"minecraft:walk_under_water_one_cm":614,"minecraft:interact_with_crafting_table":1,"minecraft:fall_one_cm":627,"minecraft:fly_one_cm":275632,"minecraft:time_since_rest":14597},"minecraft:used":{"minecraft:command_block":1,"tacz:statue":1,"tacz:target":1,"pointblank:printer":1},"minecraft:picked_up":{"tacz:statue":1,"tacz:target":1},"minecraft:mined":{"minecraft:tall_grass":1,"minecraft:large_fern":1,"minecraft:grass":1}},"DataVersion":3465}