{"stats":{"minecraft:custom":{"minecraft:time_since_rest":26597,"minecraft:crouch_one_cm":336,"minecraft:sprint_one_cm":3496,"minecraft:play_time":26597,"minecraft:walk_one_cm":2747,"minecraft:sneak_time":2667,"minecraft:walk_under_water_one_cm":3550,"minecraft:jump":35,"minecraft:damage_dealt":20,"minecraft:leave_game":1,"minecraft:walk_on_water_one_cm":5464,"minecraft:time_since_death":26597,"minecraft:total_world_time":26597,"minecraft:interact_with_crafting_table":1,"minecraft:fall_one_cm":627,"minecraft:fly_one_cm":721954},"minecraft:used":{"minecraft:dirt":1,"minecraft:command_block":1,"minecraft:grass_block":79,"pointblank:printer":1,"minecraft:stone":1,"tacz:target":1,"tacz:statue":1},"minecraft:picked_up":{"minecraft:repeater":1,"tacz:statue":1,"minecraft:redstone_torch":3,"tacz:target":1,"minecraft:redstone":6},"minecraft:mined":{"minecraft:large_fern":1,"minecraft:grass":1,"minecraft:tall_grass":1}},"DataVersion":3465}