{"stats":{"minecraft:custom":{"minecraft:jump":25,"minecraft:time_since_rest":3949,"minecraft:sprint_one_cm":3413,"minecraft:play_time":3949,"minecraft:walk_on_water_one_cm":358,"minecraft:time_since_death":3949,"minecraft:walk_one_cm":1093,"minecraft:sneak_time":403,"minecraft:total_world_time":3949,"minecraft:walk_under_water_one_cm":614,"minecraft:fall_one_cm":627,"minecraft:fly_one_cm":80498},"minecraft:mined":{"minecraft:large_fern":1,"minecraft:grass":1,"minecraft:tall_grass":1}},"DataVersion":3465}