{"stats":{"minecraft:custom":{"minecraft:time_since_rest":18558,"minecraft:crouch_one_cm":190,"minecraft:sprint_one_cm":17060,"minecraft:play_time":18558,"minecraft:walk_one_cm":19565,"minecraft:sneak_time":652,"minecraft:mob_kills":7,"minecraft:drop":1,"minecraft:jump":127,"minecraft:leave_game":6,"minecraft:time_since_death":18558,"minecraft:climb_one_cm":326,"minecraft:total_world_time":19263,"minecraft:fly_one_cm":404312},"minecraft:used":{"minecraft:spruce_planks":2},"minecraft:dropped":{"minecraft:spruce_planks":1},"minecraft:picked_up":{"minecraft:repeater":2,"minecraft:rotten_flesh":3,"extinction:canned_food":1,"pointblank:gunmetal_nugget":3,"minecraft:redstone_torch":3,"minecraft:redstone":1},"minecraft:killed":{"minecraft:skeleton":1,"apocalypsenow:runner_35":1,"zombie_more:crawler_zombie":1,"extinction:traveler":3,"minecraft:cow":1}},"DataVersion":3465}