{"stats":{"minecraft:custom":{"minecraft:time_since_rest":23626,"minecraft:crouch_one_cm":1586,"minecraft:play_time":45047,"minecraft:sprint_one_cm":49926,"minecraft:walk_one_cm":43830,"minecraft:sneak_time":2282,"minecraft:walk_under_water_one_cm":385,"minecraft:mob_kills":9,"minecraft:drop":3,"minecraft:jump":362,"minecraft:leave_game":8,"minecraft:walk_on_water_one_cm":1489,"minecraft:time_since_death":45047,"minecraft:sleep_in_bed":1,"minecraft:total_world_time":45752,"minecraft:climb_one_cm":326,"minecraft:fly_one_cm":1215527},"minecraft:dropped":{"minecraft:redstone_torch":2,"minecraft:spruce_planks":1,"minecraft:redstone":1},"minecraft:used":{"customnpcs:npcwand":1,"minecraft:stone_bricks":1,"minecraft:tnt":1,"minecraft:command_block":2,"minecraft:grass_block":89,"minecraft:spruce_slab":1,"minecraft:brown_banner":1,"minecraft:spruce_planks":2,"minecraft:stone":9,"minecraft:stone_brick_stairs":5},"minecraft:picked_up":{"minecraft:repeater":5,"minecraft:rotten_flesh":3,"apocalypsenow:human_flesh":2,"extinction:canned_food":1,"pointblank:gunmetal_nugget":3,"minecraft:redstone_torch":11,"minecraft:redstone":16,"minecraft:stone_pressure_plate":1},"minecraft:killed":{"minecraft:skeleton":1,"extinction:infected_bear":1,"apocalypsenow:runner_35":1,"zombie_more:crawler_zombie":1,"minecraft:cow":1,"extinction:traveler":3,"apocalypsenow:looter_1":1}},"DataVersion":3465}