{"stats":{"minecraft:custom":{"minecraft:jump":88,"minecraft:time_since_rest":14355,"minecraft:leave_game":4,"minecraft:crouch_one_cm":190,"minecraft:play_time":14355,"minecraft:sprint_one_cm":12953,"minecraft:time_since_death":14355,"minecraft:walk_one_cm":9289,"minecraft:sneak_time":652,"minecraft:climb_one_cm":326,"minecraft:total_world_time":15060,"minecraft:mob_kills":2,"minecraft:drop":1,"minecraft:fly_one_cm":384662},"minecraft:used":{"minecraft:spruce_planks":2},"minecraft:dropped":{"minecraft:spruce_planks":1},"minecraft:picked_up":{"minecraft:redstone_torch":3,"minecraft:repeater":2,"minecraft:redstone":1,"extinction:canned_food":1},"minecraft:killed":{"extinction:traveler":2}},"DataVersion":3465}