{"stats":{"minecraft:custom":{"minecraft:time_since_rest":6024,"minecraft:crouch_one_cm":454,"minecraft:sprint_one_cm":32418,"minecraft:play_time":27445,"minecraft:walk_one_cm":30169,"minecraft:sneak_time":1064,"minecraft:mob_kills":9,"minecraft:drop":1,"minecraft:jump":217,"minecraft:leave_game":7,"minecraft:time_since_death":27445,"minecraft:sleep_in_bed":1,"minecraft:climb_one_cm":326,"minecraft:total_world_time":28150,"minecraft:fly_one_cm":564487},"minecraft:dropped":{"minecraft:spruce_planks":1},"minecraft:used":{"customnpcs:npcwand":1,"minecraft:brown_banner":1,"minecraft:spruce_planks":2},"minecraft:picked_up":{"minecraft:repeater":2,"minecraft:rotten_flesh":3,"apocalypsenow:human_flesh":2,"extinction:canned_food":1,"pointblank:gunmetal_nugget":3,"minecraft:redstone_torch":3,"minecraft:redstone":1},"minecraft:killed":{"minecraft:skeleton":1,"extinction:infected_bear":1,"apocalypsenow:runner_35":1,"zombie_more:crawler_zombie":1,"apocalypsenow:looter_1":1,"extinction:traveler":3,"minecraft:cow":1}},"DataVersion":3465}