{"stats":{"minecraft:custom":{"minecraft:jump":33,"minecraft:time_since_rest":5428,"minecraft:crouch_one_cm":67,"minecraft:sprint_one_cm":5419,"minecraft:leave_game":3,"minecraft:play_time":5428,"minecraft:walk_one_cm":4998,"minecraft:time_since_death":5428,"minecraft:sneak_time":118,"minecraft:total_world_time":6133,"minecraft:drop":1,"minecraft:fly_one_cm":135536},"minecraft:used":{"minecraft:spruce_planks":2},"minecraft:dropped":{"minecraft:spruce_planks":1},"minecraft:picked_up":{"minecraft:redstone_torch":3,"minecraft:repeater":2,"minecraft:redstone":1}},"DataVersion":3465}