{
  "create:root": {
    "criteria": {
      "0": "2024-10-07 22:11:15 +0000"
    },
    "done": true
  },
  "minecraft:recipes/decorations/crafting_table": {
    "criteria": {
      "unlock_right_away": "2024-10-07 22:11:15 +0000"
    },
    "done": true
  },
  "pfm:grant_book_on_first_join": {
    "criteria": {
      "tick": "2024-10-07 22:11:15 +0000"
    },
    "done": true
  },
  "ags_day_counter:day_counter_root_advancement": {
    "criteria": {
      "day_counter_root_advancement_0": "2024-10-07 22:11:15 +0000"
    },
    "done": true
  },
  "farmersdelight:main/root": {
    "criteria": {
      "seeds": "2024-10-07 22:11:15 +0000"
    },
    "done": true
  },
  "minecraft:adventure/adventuring_time": {
    "criteria": {
      "minecraft:deep_ocean": "2024-10-07 22:12:17 +0000",
      "minecraft:river": "2024-10-07 22:12:18 +0000",
      "minecraft:ocean": "2024-10-07 22:13:57 +0000",
      "minecraft:plains": "2024-10-07 22:11:16 +0000"
    },
    "done": false
  },
  "DataVersion": 3465
}